{
	"song": {
		"player1": "bf",
		"notes": [
			{
				"sectionNotes": [
					[
						0,
						0,
						0
					],
					[
						85.2272727272727,
						3,
						0
					],
					[
						170.454545454545,
						0,
						0
					],
					[
						255.681818181818,
						3,
						0
					],
					[
						340.909090909091,
						0,
						0
					],
					[
						511.363636363636,
						2,
						0
					],
					[
						1107.95454545455,
						3,
						0
					],
					[
						1193.18181818182,
						2,
						0
					],
					[
						1278.40909090909,
						1,
						0
					],
					[
						852.272727272727,
						3,
						0
					],
					[
						42.6136363636364,
						-1,
						"Play Animation",
						"hurt",
						"BF"
					],
					[
						0,
						-1,
						"Screen Shake",
						"0.25, 0.01",
						"0.25, 0.005"
					],
					[
						85.2272727272727,
						-1,
						"Play Animation",
						"scared",
						"GF"
					],
					[
						340.909090909091,
						-1,
						"Play Animation",
						"danceRight",
						"GF"
					],
					[
						767.045454545454,
						-1,
						"Play Animation",
						"danceLeft",
						"GF"
					],
					[
						1278.40909090909,
						-1,
						"Play Animation",
						"idle",
						"GF"
					]
				],
				"lengthInSteps": 16,
				"mustHitSection": false
			},
			{
				"sectionNotes": [
					[
						1363.63636363636,
						0,
						0
					],
					[
						1448.86363636364,
						1,
						0
					],
					[
						1534.09090909091,
						2,
						0
					],
					[
						1619.31818181818,
						3,
						0
					],
					[
						1704.54545454545,
						0,
						0
					],
					[
						1789.77272727273,
						3,
						0
					],
					[
						1875,
						2,
						85.2272727272727
					],
					[
						2045.45454545455,
						0,
						0
					],
					[
						2215.90909090909,
						3,
						0
					],
					[
						2386.36363636364,
						0,
						0
					],
					[
						2556.81818181818,
						2,
						85.2272727272727
					]
				],
				"lengthInSteps": 16,
				"mustHitSection": true
			},
			{
				"sectionNotes": [
					[
						2727.27272727273,
						0,
						0
					],
					[
						2812.5,
						3,
						0
					],
					[
						2897.72727272727,
						0,
						0
					],
					[
						2982.95454545455,
						3,
						0
					],
					[
						3068.18181818182,
						0,
						0
					],
					[
						3238.63636363636,
						2,
						0
					],
					[
						3835.22727272727,
						3,
						0
					],
					[
						3920.45454545455,
						2,
						0
					],
					[
						4005.68181818182,
						1,
						0
					],
					[
						3579.54545454545,
						3,
						0
					]
				],
				"lengthInSteps": 16,
				"mustHitSection": false
			},
			{
				"sectionNotes": [
					[
						4090.90909090909,
						0,
						0
					],
					[
						4176.13636363636,
						1,
						0
					],
					[
						4261.36363636364,
						2,
						0
					],
					[
						4346.59090909091,
						3,
						0
					],
					[
						4431.81818181818,
						0,
						0
					],
					[
						4517.04545454545,
						3,
						0
					],
					[
						4602.27272727273,
						2,
						85.2272727272727
					],
					[
						4772.72727272727,
						0,
						0
					],
					[
						4943.18181818182,
						3,
						0
					],
					[
						5113.63636363636,
						0,
						0
					],
					[
						5284.09090909091,
						2,
						85.2272727272727
					],
					[
						5369.31818181818,
						1,
						85.2272727272727
					]
				],
				"lengthInSteps": 16,
				"mustHitSection": true
			},
			{
				"sectionNotes": [
					[
						5454.54545454545,
						7,
						85.2272727272727
					],
					[
						5625,
						1,
						0
					],
					[
						5795.45454545455,
						3,
						0
					],
					[
						5965.90909090909,
						0,
						0
					],
					[
						6136.36363636364,
						2,
						0
					],
					[
						6306.81818181818,
						0,
						0
					],
					[
						6477.27272727273,
						0,
						0
					],
					[
						6647.72727272727,
						2,
						0
					]
				],
				"lengthInSteps": 16,
				"mustHitSection": false
			},
			{
				"sectionNotes": [
					[
						6988.63636363636,
						1,
						0
					],
					[
						7159.09090909091,
						3,
						0
					],
					[
						7329.54545454545,
						0,
						0
					],
					[
						7500,
						2,
						0
					],
					[
						7670.45454545454,
						0,
						0
					],
					[
						7840.90909090909,
						0,
						0
					],
					[
						6818.18181818182,
						3,
						0
					],
					[
						8011.36363636364,
						3,
						0
					]
				],
				"lengthInSteps": 16,
				"mustHitSection": true
			},
			{
				"sectionNotes": [
					[
						8181.81818181818,
						2,
						0
					],
					[
						8181.81818181818,
						6,
						0
					],
					[
						8693.18181818182,
						1,
						0
					],
					[
						8693.18181818182,
						5,
						0
					],
					[
						9204.54545454546,
						7,
						0
					],
					[
						9204.54545454546,
						3,
						0
					]
				],
				"lengthInSteps": 16,
				"mustHitSection": false
			},
			{
				"sectionNotes": [
					[
						9715.90909090909,
						0,
						0
					],
					[
						9715.90909090909,
						4,
						0
					],
					[
						10056.8181818182,
						6,
						0
					],
					[
						10056.8181818182,
						2,
						0
					],
					[
						10227.2727272727,
						1,
						0
					],
					[
						10227.2727272727,
						5,
						0
					],
					[
						10397.7272727273,
						3,
						0
					],
					[
						10397.7272727273,
						7,
						0
					],
					[
						10568.1818181818,
						6,
						85.2272727272727
					],
					[
						10738.6363636364,
						7,
						85.2272727272727
					],
					[
						10738.6363636364,
						3,
						85.2272727272727
					],
					[
						10568.1818181818,
						2,
						85.2272727272727
					]
				],
				"lengthInSteps": 16,
				"mustHitSection": true
			},
			{
				"sectionNotes": [
					[
						10909.0909090909,
						5,
						0
					],
					[
						10909.0909090909,
						0,
						0
					],
					[
						10994.3181818182,
						3,
						0
					],
					[
						11079.5454545455,
						0,
						0
					],
					[
						11164.7727272727,
						3,
						0
					],
					[
						11250,
						0,
						0
					],
					[
						11420.4545454545,
						2,
						0
					],
					[
						12017.0454545455,
						3,
						0
					],
					[
						12102.2727272727,
						2,
						0
					],
					[
						12187.5,
						1,
						0
					],
					[
						11761.3636363636,
						3,
						0
					]
				],
				"lengthInSteps": 16,
				"mustHitSection": false
			},
			{
				"sectionNotes": [
					[
						12272.7272727273,
						0,
						0
					],
					[
						12357.9545454545,
						1,
						0
					],
					[
						12443.1818181818,
						2,
						0
					],
					[
						12528.4090909091,
						3,
						0
					],
					[
						12613.6363636364,
						0,
						0
					],
					[
						12698.8636363636,
						3,
						0
					],
					[
						12784.0909090909,
						2,
						85.2272727272727
					],
					[
						12954.5454545455,
						0,
						0
					],
					[
						13125,
						3,
						0
					],
					[
						13295.4545454545,
						0,
						0
					],
					[
						13465.9090909091,
						2,
						85.2272727272727
					]
				],
				"lengthInSteps": 16,
				"mustHitSection": true
			},
			{
				"sectionNotes": [
					[
						13636.3636363636,
						0,
						0
					],
					[
						13721.5909090909,
						3,
						0
					],
					[
						13806.8181818182,
						0,
						0
					],
					[
						13892.0454545455,
						3,
						0
					],
					[
						13977.2727272727,
						0,
						0
					],
					[
						14147.7272727273,
						2,
						0
					],
					[
						14744.3181818182,
						3,
						0
					],
					[
						14829.5454545455,
						2,
						0
					],
					[
						14914.7727272727,
						1,
						0
					],
					[
						14488.6363636364,
						3,
						0
					]
				],
				"lengthInSteps": 16,